page,image_url,alt,width,height
https://platinumcarfilms.com/,https://platinumcarfilms.com/wp-content/uploads/2026/09/31-optimized.jpg,,800,1200
https://platinumcarfilms.com/,https://platinumcarfilms.com/wp-content/uploads/2026/06/111_7_11zon-scaled.webp,,2560,1920
https://platinumcarfilms.com/,https://platinumcarfilms.com/wp-content/uploads/2026/09/tpu-color-ppf-stand-out-with-color-banner-1.jpg,"TPU colour-shift paint protection film banner: 180-degree colour PPF, imported material",1920,649
https://platinumcarfilms.com/,https://platinumcarfilms.com/wp-content/uploads/2026/09/become-a-ppf-dealer-platinum-ppf-banner.jpg,Become a Platinum PPF dealer banner: join our paint protection film distributor network,1920,649
https://platinumcarfilms.com/,https://platinumcarfilms.com/wp-content/uploads/2026/09/paint-protection-film-layer-structure-diagram.jpg,"Paint protection film layer structure: top-coat, TPU film, and adhesive layers with self-healing and hydrophobic properties",1920,649
https://platinumcarfilms.com/,https://platinumcarfilms.com/wp-content/uploads/2026/09/platinum-window-tint-film-percentage-options-banner.jpg,"Platinum window film tint percentage options: 70%, 50%, 35%, 20%, 5%",1920,649
https://platinumcarfilms.com/,https://platinumcarfilms.com/wp-content/uploads/2026/06/1-1-150x150.webp,,150,150
https://platinumcarfilms.com/,https://platinumcarfilms.com/wp-content/uploads/2026/06/2-1-150x150.webp,,150,150
https://platinumcarfilms.com/,https://platinumcarfilms.com/wp-content/uploads/2026/06/4-1-150x150.webp,,150,150
https://platinumcarfilms.com/,https://platinumcarfilms.com/wp-content/uploads/2026/06/5-2-150x150.webp,,150,150
https://platinumcarfilms.com/,https://platinumcarfilms.com/wp-content/uploads/2026/06/6-2-150x150.webp,,150,150
https://platinumcarfilms.com/,https://platinumcarfilms.com/wp-content/uploads/2026/06/7-1-150x150.webp,,150,150
https://platinumcarfilms.com/,https://platinumcarfilms.com/wp-content/uploads/2026/06/3-1-150x150.webp,,150,150
https://platinumcarfilms.com/190-micron-ppf/,https://platinumcarfilms.com/wp-content/uploads/2026/05/11_edited-scaled.webp,,2048,2560
https://platinumcarfilms.com/190-micron-ppf/,https://platinumcarfilms.com/wp-content/uploads/2026/05/TPU-Acid-Green-scaled.webp,,2560,1440
https://platinumcarfilms.com/210-paint-protection-film/,https://platinumcarfilms.com/wp-content/uploads/2026/05/Platinum-210-Paint-Protection-Film-Professional-Grade-Defense-for-Your-Vehicle.png,Platinum 210 Paint Protection Film Professional-Grade Defense for Your Vehicle,1116,1396
https://platinumcarfilms.com/210-paint-protection-film/,https://platinumcarfilms.com/wp-content/uploads/2026/05/69.webp,,1080,1080
https://platinumcarfilms.com/about-us/,https://platinumcarfilms.com/wp-content/uploads/2026/05/31.webp,,1080,1080
https://platinumcarfilms.com/blog/,https://platinumcarfilms.com/wp-content/uploads/2026/05/42-1024x1024.webp,,1024,1024
https://platinumcarfilms.com/blog/how-long-does-paint-protection-film-last/,https://secure.gravatar.com/avatar/30adbfacead82126cc20e720781eb7be6e6cd56c9e008b740b833e3cab561cf7?s=22&d=mm&r=g,author-avatar,22,22
https://platinumcarfilms.com/blog/how-long-does-paint-protection-film-last/,https://platinumcarfilms.com/wp-content/uploads/2026/05/42.webp,,1080,1080
https://platinumcarfilms.com/color-ppf-for-car/,https://platinumcarfilms.com/wp-content/uploads/2026/06/Gemini_Generated_Image_lwl09dlwl09dlwl0.jpg,,1406,1667
https://platinumcarfilms.com/color-ppf-for-car/,https://platinumcarfilms.com/wp-content/uploads/2026/06/sl3.jpeg,,980,687
https://platinumcarfilms.com/gallery/,https://platinumcarfilms.com/wp-content/uploads/2026/05/11_edited-scaled-354x236.webp,,354,236
https://platinumcarfilms.com/gallery/,https://platinumcarfilms.com/wp-content/uploads/2026/05/12-354x236.webp,,354,236
https://platinumcarfilms.com/gallery/,https://platinumcarfilms.com/wp-content/uploads/2026/05/13-354x236.webp,,354,236
https://platinumcarfilms.com/gallery/,https://platinumcarfilms.com/wp-content/uploads/2026/05/14-354x236.webp,,354,236
https://platinumcarfilms.com/gallery/,https://platinumcarfilms.com/wp-content/uploads/2026/05/15-354x236.webp,,354,236
https://platinumcarfilms.com/gallery/,https://platinumcarfilms.com/wp-content/uploads/2026/05/16-354x236.webp,,354,236
https://platinumcarfilms.com/gallery/,https://platinumcarfilms.com/wp-content/uploads/2026/05/17-354x236.webp,,354,236
https://platinumcarfilms.com/gallery/,https://platinumcarfilms.com/wp-content/uploads/2026/05/18-354x236.webp,,354,236
https://platinumcarfilms.com/gallery/,https://platinumcarfilms.com/wp-content/uploads/2026/05/21-354x236.webp,,354,236
https://platinumcarfilms.com/gallery/,https://platinumcarfilms.com/wp-content/uploads/2026/05/23-354x236.webp,,354,236
https://platinumcarfilms.com/gallery/,https://platinumcarfilms.com/wp-content/uploads/2026/05/24-354x236.webp,,354,236
https://platinumcarfilms.com/gallery/,https://platinumcarfilms.com/wp-content/uploads/2026/05/25-354x236.webp,,354,236
https://platinumcarfilms.com/gallery/,https://platinumcarfilms.com/wp-content/uploads/2026/05/26-354x236.webp,,354,236
https://platinumcarfilms.com/gallery/,https://platinumcarfilms.com/wp-content/uploads/2026/05/27-354x236.webp,,354,236
https://platinumcarfilms.com/gallery/,https://platinumcarfilms.com/wp-content/uploads/2026/05/31-354x236.webp,,354,236
https://platinumcarfilms.com/gallery/,https://platinumcarfilms.com/wp-content/uploads/2026/05/35-354x236.webp,,354,236
https://platinumcarfilms.com/gallery/,https://platinumcarfilms.com/wp-content/uploads/2026/05/36-354x236.webp,,354,236
https://platinumcarfilms.com/gallery/,https://platinumcarfilms.com/wp-content/uploads/2026/05/38-354x236.webp,,354,236
https://platinumcarfilms.com/gallery/,https://platinumcarfilms.com/wp-content/uploads/2026/05/39-354x236.webp,,354,236
https://platinumcarfilms.com/gallery/,https://platinumcarfilms.com/wp-content/uploads/2026/05/40-354x236.webp,,354,236
https://platinumcarfilms.com/gallery/,https://platinumcarfilms.com/wp-content/uploads/2026/05/41-354x236.webp,,354,236
https://platinumcarfilms.com/gallery/,https://platinumcarfilms.com/wp-content/uploads/2026/05/42-354x236.webp,,354,236
https://platinumcarfilms.com/gallery/,https://platinumcarfilms.com/wp-content/uploads/2026/05/53-354x236.webp,,354,236
https://platinumcarfilms.com/gallery/,https://platinumcarfilms.com/wp-content/uploads/2026/05/61-354x236.webp,,354,236
https://platinumcarfilms.com/gallery/,https://platinumcarfilms.com/wp-content/uploads/2026/05/62-354x236.webp,,354,236
https://platinumcarfilms.com/gallery/,https://platinumcarfilms.com/wp-content/uploads/2026/05/63-354x236.webp,,354,236
https://platinumcarfilms.com/gallery/,https://platinumcarfilms.com/wp-content/uploads/2026/05/64-354x236.webp,,354,236
https://platinumcarfilms.com/gallery/,https://platinumcarfilms.com/wp-content/uploads/2026/05/65-354x236.webp,,354,236
https://platinumcarfilms.com/gallery/,https://platinumcarfilms.com/wp-content/uploads/2026/05/66-354x236.webp,,354,236
https://platinumcarfilms.com/gallery/,https://platinumcarfilms.com/wp-content/uploads/2026/05/67-354x236.webp,,354,236
https://platinumcarfilms.com/gallery/,https://platinumcarfilms.com/wp-content/uploads/2026/05/69-354x236.webp,,354,236
https://platinumcarfilms.com/gallery/,https://platinumcarfilms.com/wp-content/uploads/2026/05/TPU-Acid-Green-scaled-354x236.webp,,354,236
https://platinumcarfilms.com/gallery/,https://platinumcarfilms.com/wp-content/uploads/2026/05/TPU-Crimson-scaled-354x236.webp,,354,236
https://platinumcarfilms.com/gallery/,https://platinumcarfilms.com/wp-content/uploads/2026/05/TPU-Matte-Metallic-STO-Track-Glod-Green-scaled-354x236.webp,,354,236
https://platinumcarfilms.com/gallery/,https://platinumcarfilms.com/wp-content/uploads/2026/05/TPU-Star-Violet-TPU2025-scaled-354x236.webp,,354,236
https://platinumcarfilms.com/gallery/,https://platinumcarfilms.com/wp-content/uploads/2026/05/TPU1008-TPUMilan-Glod-scaled-354x236.webp,,354,236
https://platinumcarfilms.com/gallery/,https://platinumcarfilms.com/wp-content/uploads/2026/05/TPU5047-TPU-Matte-Magic-Flame-Dark-Blue-scaled-354x236.webp,,354,236
https://platinumcarfilms.com/gallery/,https://platinumcarfilms.com/wp-content/uploads/2026/05/TPUAutumn-Blue-scaled-354x236.webp,,354,236
https://platinumcarfilms.com/gallery/,https://platinumcarfilms.com/wp-content/uploads/2026/05/TPUCuban-Sand-scaled-354x236.webp,,354,236
https://platinumcarfilms.com/gallery/,https://platinumcarfilms.com/wp-content/uploads/2026/06/DSC06333_1_6_11zon-scaled-354x236.webp,,354,236
https://platinumcarfilms.com/gallery/,https://platinumcarfilms.com/wp-content/uploads/2026/06/DSC06327_1_4_11zon-scaled-354x236.webp,,354,236
https://platinumcarfilms.com/gallery/,https://platinumcarfilms.com/wp-content/uploads/2026/06/DSC06325_1_3_11zon-scaled-354x236.webp,,354,236
https://platinumcarfilms.com/gallery/,https://platinumcarfilms.com/wp-content/uploads/2026/06/DSC06319_1_2_11zon-scaled-354x236.webp,,354,236
https://platinumcarfilms.com/gallery/,https://platinumcarfilms.com/wp-content/uploads/2026/06/DSC06316_1_1_11zon-scaled-354x236.webp,,354,236
https://platinumcarfilms.com/gallery/,https://platinumcarfilms.com/wp-content/uploads/2026/06/DSC06315_1_7_11zon-scaled-354x236.webp,,354,236
https://platinumcarfilms.com/gallery/,https://platinumcarfilms.com/wp-content/uploads/2026/06/DSC06314_1_5_11zon-scaled-354x236.webp,,354,236
https://platinumcarfilms.com/gallery/,https://platinumcarfilms.com/wp-content/uploads/2026/06/DSC06312_1_3_11zon-scaled-354x236.webp,,354,236
https://platinumcarfilms.com/gallery/,https://platinumcarfilms.com/wp-content/uploads/2026/06/DSC06310_1_2_11zon-scaled-354x236.webp,,354,236
https://platinumcarfilms.com/gallery/,https://platinumcarfilms.com/wp-content/uploads/2026/06/DSC06308_1_1_11zon-scaled-354x236.webp,,354,236
https://platinumcarfilms.com/gallery/,https://platinumcarfilms.com/wp-content/uploads/2026/06/DSC06306_1_10_11zon-scaled-354x236.webp,,354,236
https://platinumcarfilms.com/gallery/,https://platinumcarfilms.com/wp-content/uploads/2026/06/DSC06303_1_7_11zon-scaled-354x236.webp,,354,236
https://platinumcarfilms.com/gallery/,https://platinumcarfilms.com/wp-content/uploads/2026/06/DSC06302_1_6_11zon-scaled-354x236.webp,,354,236
https://platinumcarfilms.com/gallery/,https://platinumcarfilms.com/wp-content/uploads/2026/06/DSC06301_1_7_11zon-scaled-354x236.webp,,354,236
https://platinumcarfilms.com/gallery/,https://platinumcarfilms.com/wp-content/uploads/2026/06/DSC06299_1_6_11zon-scaled-354x236.webp,,354,236
https://platinumcarfilms.com/gallery/,https://platinumcarfilms.com/wp-content/uploads/2026/06/DSC06298_1_5_11zon-scaled-354x236.webp,,354,236
https://platinumcarfilms.com/gallery/,https://platinumcarfilms.com/wp-content/uploads/2026/06/DSC06296_1_3_11zon-scaled-354x236.webp,,354,236
https://platinumcarfilms.com/gallery/,https://platinumcarfilms.com/wp-content/uploads/2026/06/DSC06295_1_2_11zon-scaled-354x236.webp,,354,236
https://platinumcarfilms.com/gallery/,https://platinumcarfilms.com/wp-content/uploads/2026/06/DSC06294_1_1_11zon-scaled-354x236.webp,,354,236
https://platinumcarfilms.com/gallery/,https://platinumcarfilms.com/wp-content/uploads/2026/06/DSC06289_9_11zon-scaled-354x236.webp,,354,236
https://platinumcarfilms.com/gallery/,https://platinumcarfilms.com/wp-content/uploads/2026/06/DSC06288_8_11zon-scaled-354x236.webp,,354,236
https://platinumcarfilms.com/gallery/,https://platinumcarfilms.com/wp-content/uploads/2026/06/DSC06285_6_11zon-scaled-354x236.webp,,354,236
https://platinumcarfilms.com/gallery/,https://platinumcarfilms.com/wp-content/uploads/2026/06/DSC06282_5_11zon-scaled-354x236.webp,,354,236
https://platinumcarfilms.com/gallery/,https://platinumcarfilms.com/wp-content/uploads/2026/06/DSC06276_4_11zon-scaled-354x236.webp,,354,236
https://platinumcarfilms.com/gallery/,https://platinumcarfilms.com/wp-content/uploads/2026/06/DSC06266_3_11zon-scaled-354x236.webp,,354,236
https://platinumcarfilms.com/gallery/,https://platinumcarfilms.com/wp-content/uploads/2026/06/DSC06259_2_11zon-scaled-354x236.webp,,354,236
https://platinumcarfilms.com/gallery/,https://platinumcarfilms.com/wp-content/uploads/2026/06/DSC06252_9_11zon-scaled-354x236.webp,,354,236
https://platinumcarfilms.com/gallery/,https://platinumcarfilms.com/wp-content/uploads/2026/06/DSC06243_8_11zon-scaled-354x236.webp,,354,236
https://platinumcarfilms.com/gallery/,https://platinumcarfilms.com/wp-content/uploads/2026/06/DSC06240_7_11zon-scaled-354x236.webp,,354,236
https://platinumcarfilms.com/gallery/,https://platinumcarfilms.com/wp-content/uploads/2026/06/31-354x236.webp,,354,236
https://platinumcarfilms.com/gallery/,https://platinumcarfilms.com/wp-content/uploads/2026/06/30-354x236.webp,,354,236
https://platinumcarfilms.com/gallery/,https://platinumcarfilms.com/wp-content/uploads/2026/06/29-354x236.webp,,354,236
https://platinumcarfilms.com/gallery/,https://platinumcarfilms.com/wp-content/uploads/2026/06/28-354x236.webp,,354,236
https://platinumcarfilms.com/gallery/,https://platinumcarfilms.com/wp-content/uploads/2026/06/27-354x236.webp,,354,236
https://platinumcarfilms.com/gallery/,https://platinumcarfilms.com/wp-content/uploads/2026/06/26-354x236.webp,,354,236
https://platinumcarfilms.com/gallery/,https://platinumcarfilms.com/wp-content/uploads/2026/06/25-354x236.webp,,354,236
https://platinumcarfilms.com/gallery/,https://platinumcarfilms.com/wp-content/uploads/2026/06/24-354x236.webp,,354,236
https://platinumcarfilms.com/gallery/,https://platinumcarfilms.com/wp-content/uploads/2026/06/23-354x236.webp,,354,236
https://platinumcarfilms.com/gallery/,https://platinumcarfilms.com/wp-content/uploads/2026/06/22-354x236.webp,,354,236
https://platinumcarfilms.com/gallery/,https://platinumcarfilms.com/wp-content/uploads/2026/06/21-354x236.webp,,354,236
https://platinumcarfilms.com/gallery/,https://platinumcarfilms.com/wp-content/uploads/2026/06/20-354x236.webp,,354,236
https://platinumcarfilms.com/gallery/,https://platinumcarfilms.com/wp-content/uploads/2026/06/19-354x236.webp,,354,236
https://platinumcarfilms.com/gallery/,https://platinumcarfilms.com/wp-content/uploads/2026/06/18-354x236.webp,,354,236
https://platinumcarfilms.com/gallery/,https://platinumcarfilms.com/wp-content/uploads/2026/06/17-354x236.webp,,354,236
https://platinumcarfilms.com/gallery/,https://platinumcarfilms.com/wp-content/uploads/2026/06/16-354x236.webp,,354,236
https://platinumcarfilms.com/gallery/,https://platinumcarfilms.com/wp-content/uploads/2026/06/15-354x236.webp,,354,236
https://platinumcarfilms.com/gallery/,https://platinumcarfilms.com/wp-content/uploads/2026/06/14-354x236.webp,,354,236
https://platinumcarfilms.com/gallery/,https://platinumcarfilms.com/wp-content/uploads/2026/06/13-354x236.webp,,354,236
https://platinumcarfilms.com/gallery/,https://platinumcarfilms.com/wp-content/uploads/2026/06/12-354x236.webp,,354,236
https://platinumcarfilms.com/gallery/,https://platinumcarfilms.com/wp-content/uploads/2026/06/11-354x236.webp,,354,236
https://platinumcarfilms.com/gallery/,https://platinumcarfilms.com/wp-content/uploads/2026/06/10-354x236.webp,,354,236
https://platinumcarfilms.com/gallery/,https://platinumcarfilms.com/wp-content/uploads/2026/06/9-354x236.webp,,354,236
https://platinumcarfilms.com/gallery/,https://platinumcarfilms.com/wp-content/uploads/2026/06/8-354x236.webp,,354,236
https://platinumcarfilms.com/gallery/,https://platinumcarfilms.com/wp-content/uploads/2026/06/7-354x236.webp,,354,236
https://platinumcarfilms.com/gallery/,https://platinumcarfilms.com/wp-content/uploads/2026/06/6-1-354x236.webp,,354,236
https://platinumcarfilms.com/gallery/,https://platinumcarfilms.com/wp-content/uploads/2026/06/5-1-354x236.webp,,354,236
https://platinumcarfilms.com/gallery/,https://platinumcarfilms.com/wp-content/uploads/2026/06/005-354x236.jpg,,354,236
https://platinumcarfilms.com/gallery/,https://platinumcarfilms.com/wp-content/uploads/2026/06/4-354x236.webp,,354,236
https://platinumcarfilms.com/gallery/,https://platinumcarfilms.com/wp-content/uploads/2026/06/0004-354x236.jpg,,354,236
https://platinumcarfilms.com/gallery/,https://platinumcarfilms.com/wp-content/uploads/2026/06/3-354x236.webp,,354,236
https://platinumcarfilms.com/gallery/,https://platinumcarfilms.com/wp-content/uploads/2026/06/0003-354x236.jpg,,354,236
https://platinumcarfilms.com/gallery/,https://platinumcarfilms.com/wp-content/uploads/2026/06/2-354x236.webp,,354,236
https://platinumcarfilms.com/gallery/,https://platinumcarfilms.com/wp-content/uploads/2026/06/002-354x236.jpg,,354,236
https://platinumcarfilms.com/gallery/,https://platinumcarfilms.com/wp-content/uploads/2026/06/1-354x236.webp,,354,236
https://platinumcarfilms.com/gallery/,https://platinumcarfilms.com/wp-content/uploads/2026/06/001-354x236.jpg,,354,236
https://platinumcarfilms.com/gallery/,https://platinumcarfilms.com/wp-content/uploads/2026/06/11_15_11zon-scaled-354x236.webp,,354,236
https://platinumcarfilms.com/gallery/,https://platinumcarfilms.com/wp-content/uploads/2026/06/12_1_11zon-scaled-354x236.webp,,354,236
https://platinumcarfilms.com/gallery/,https://platinumcarfilms.com/wp-content/uploads/2026/06/13_2_11zon-scaled-354x236.webp,,354,236
https://platinumcarfilms.com/gallery/,https://platinumcarfilms.com/wp-content/uploads/2026/06/14_3_11zon-scaled-354x236.webp,,354,236
https://platinumcarfilms.com/gallery/,https://platinumcarfilms.com/wp-content/uploads/2026/06/15_4_11zon-scaled-354x236.webp,,354,236
https://platinumcarfilms.com/gallery/,https://platinumcarfilms.com/wp-content/uploads/2026/06/15ppf_5_11zon-scaled-354x236.webp,,354,236
https://platinumcarfilms.com/gallery/,https://platinumcarfilms.com/wp-content/uploads/2026/06/16_6_11zon-scaled-354x236.webp,,354,236
https://platinumcarfilms.com/gallery/,https://platinumcarfilms.com/wp-content/uploads/2026/06/17_7_11zon-scaled-354x236.webp,,354,236
https://platinumcarfilms.com/gallery/,https://platinumcarfilms.com/wp-content/uploads/2026/06/18_8_11zon-scaled-354x236.webp,,354,236
https://platinumcarfilms.com/gallery/,https://platinumcarfilms.com/wp-content/uploads/2026/06/19_9_11zon-scaled-354x236.webp,,354,236
https://platinumcarfilms.com/gallery/,https://platinumcarfilms.com/wp-content/uploads/2026/06/20_10_11zon-scaled-354x236.webp,,354,236
https://platinumcarfilms.com/gallery/,https://platinumcarfilms.com/wp-content/uploads/2026/06/21_11_11zon-scaled-354x236.webp,,354,236
https://platinumcarfilms.com/gallery/,https://platinumcarfilms.com/wp-content/uploads/2026/06/22_12_11zon-scaled-354x236.webp,,354,236
https://platinumcarfilms.com/gallery/,https://platinumcarfilms.com/wp-content/uploads/2026/06/24_13_11zon-scaled-354x236.webp,,354,236
https://platinumcarfilms.com/gallery/,https://platinumcarfilms.com/wp-content/uploads/2026/06/25_14_11zon-scaled-354x236.webp,,354,236
https://platinumcarfilms.com/gallery/,https://platinumcarfilms.com/wp-content/uploads/2026/06/44_6_11zon-scaled-354x236.webp,,354,236
https://platinumcarfilms.com/gallery/,https://platinumcarfilms.com/wp-content/uploads/2026/06/111_7_11zon-scaled-354x236.webp,,354,236
https://platinumcarfilms.com/gallery/,https://platinumcarfilms.com/wp-content/uploads/2026/06/0909_8_11zon-scaled-354x236.webp,,354,236
https://platinumcarfilms.com/gallery/,https://platinumcarfilms.com/wp-content/uploads/2026/06/1212_9_11zon-scaled-354x236.webp,,354,236
https://platinumcarfilms.com/gallery/,https://platinumcarfilms.com/wp-content/uploads/2026/06/123212_10_11zon-scaled-354x236.webp,,354,236
https://platinumcarfilms.com/gallery/,https://platinumcarfilms.com/wp-content/uploads/2026/06/DSC05053_11_11zon-scaled-354x236.webp,,354,236
https://platinumcarfilms.com/gallery/,https://platinumcarfilms.com/wp-content/uploads/2026/06/DSC05054_12_11zon-scaled-354x236.webp,,354,236
https://platinumcarfilms.com/gallery/,https://platinumcarfilms.com/wp-content/uploads/2026/06/DSC05055_13_11zon-scaled-354x236.webp,,354,236
https://platinumcarfilms.com/gallery/,https://platinumcarfilms.com/wp-content/uploads/2026/06/DSC05056_14_11zon-scaled-354x236.webp,,354,236
https://platinumcarfilms.com/gallery/,https://platinumcarfilms.com/wp-content/uploads/2026/06/DSC05057_15_11zon-scaled-354x236.webp,,354,236
https://platinumcarfilms.com/gallery/,https://platinumcarfilms.com/wp-content/uploads/2026/06/DSC05059_17_11zon-scaled-354x236.webp,,354,236
https://platinumcarfilms.com/gallery/,https://platinumcarfilms.com/wp-content/uploads/2026/06/DSC05060_18_11zon-scaled-354x236.webp,,354,236
https://platinumcarfilms.com/gallery/,https://platinumcarfilms.com/wp-content/uploads/2026/06/DSC05061_19_11zon-scaled-354x236.webp,,354,236
https://platinumcarfilms.com/gallery/,https://platinumcarfilms.com/wp-content/uploads/2026/06/DSC05063_21_11zon-scaled-354x236.webp,,354,236
https://platinumcarfilms.com/gallery/,https://platinumcarfilms.com/wp-content/uploads/2026/06/DSC05065_2_11zon-scaled-354x236.webp,,354,236
https://platinumcarfilms.com/gallery/,https://platinumcarfilms.com/wp-content/uploads/2026/06/DSC05066_3_11zon-scaled-354x236.webp,,354,236
https://platinumcarfilms.com/gallery/,https://platinumcarfilms.com/wp-content/uploads/2026/06/DSC05067_4_11zon-scaled-354x236.webp,,354,236
https://platinumcarfilms.com/gloss-black-paint-protection-film-190-microns/,https://platinumcarfilms.com/wp-content/uploads/2026/06/190-black-scaled.webp,,2048,2560
https://platinumcarfilms.com/gloss-black-paint-protection-film-190-microns/,https://platinumcarfilms.com/wp-content/uploads/2026/05/69.webp,,1080,1080
https://platinumcarfilms.com/headlight-paint-protection-film/,https://platinumcarfilms.com/wp-content/uploads/2026/06/836a5b_f757a4e2a9e24341a11f9417b05e1c8bmv2-scaled.webp,,2048,2560
https://platinumcarfilms.com/headlight-paint-protection-film/,https://platinumcarfilms.com/wp-content/uploads/2026/05/836a5b_9ebd7f615db94eb8adc97b3f73f9c011mv2.png,,1080,1080
https://platinumcarfilms.com/matte-paint-protection-film/,https://platinumcarfilms.com/wp-content/uploads/2026/06/6.webp,,1116,1396
https://platinumcarfilms.com/matte-paint-protection-film/,https://platinumcarfilms.com/wp-content/uploads/2026/05/Why-Platinum-Paint-Protection-Film-Is-the-Right-Solution.png,,1080,1080
https://platinumcarfilms.com/product/,https://platinumcarfilms.com/wp-content/uploads/2026/05/Platinum-210-Paint-Protection-Film-Professional-Grade-Defense-for-Your-Vehicle.png,Platinum 210 Paint Protection Film Professional-Grade Defense for Your Vehicle,1116,1396
https://platinumcarfilms.com/product/,https://platinumcarfilms.com/wp-content/uploads/2026/09/190-micron-ppf-paint-protection-film.webp,190 Micron PPF paint protection film for vehicles,2048,2560
https://platinumcarfilms.com/product/,https://platinumcarfilms.com/wp-content/uploads/2026/09/headlight-paint-protection-film.webp,Headlight paint protection film keeping lights crystal clear,2048,2560
https://platinumcarfilms.com/product/,https://platinumcarfilms.com/wp-content/uploads/2026/09/matte-paint-protection-film.webp,Matte paint protection film preserving custom matte finish,1116,1396
https://platinumcarfilms.com/product/,https://platinumcarfilms.com/wp-content/uploads/2026/09/satin-paint-protection-film.webp,Satin paint protection film preserving low-gloss finish,2048,2560
https://platinumcarfilms.com/product/,https://platinumcarfilms.com/wp-content/uploads/2026/09/gloss-black-paint-protection-film-190-microns.webp,Gloss black paint protection film 190 microns deep gloss defense,2048,2560
https://platinumcarfilms.com/product/,https://platinumcarfilms.com/wp-content/uploads/2026/09/window-tint-film-for-cars-377x447.jpeg,Window tint film for cars with heat rejection,377,447
https://platinumcarfilms.com/product/,https://platinumcarfilms.com/wp-content/uploads/2026/09/color-ppf-for-car.jpg,Color PPF for cars changing finish and protecting paint,1406,1667
https://platinumcarfilms.com/satin-paint-protection-film/,https://platinumcarfilms.com/wp-content/uploads/2026/06/5-scaled.webp,,2048,2560
https://platinumcarfilms.com/satin-paint-protection-film/,https://platinumcarfilms.com/wp-content/uploads/2026/05/TPU-Crimson-scaled.webp,,2560,1440
https://platinumcarfilms.com/warranty/,https://platinumcarfilms.com/wp-content/uploads/2026/05/836a5b_19d163ed04354988bd483033a1f08aaamv2.avif,,1080,1080
https://platinumcarfilms.com/window-tint-film-for-cars-platinum-car-films/,https://platinumcarfilms.com/wp-content/uploads/2026/06/Gemini_Generated_Image_qptr70qptr70qptr-1.png,,1432,1694
https://platinumcarfilms.com/window-tint-film-for-cars-platinum-car-films/,https://platinumcarfilms.com/wp-content/uploads/2026/06/sl2.jpg,,1280,1169
https://platinumcarfilms.com/author/autoboost018/,https://platinumcarfilms.com/wp-content/uploads/2026/05/42-1024x1024.webp,,1024,1024
https://platinumcarfilms.com/blog/category/ppf/,https://platinumcarfilms.com/wp-content/uploads/2026/05/42-1024x1024.webp,,1024,1024
